{"cameraMode":{"drawMode":0,"name":"Shaded","section":"Shading Mode"},"sceneLighting":false,"audioPlay":false,"sceneViewState":{"m_AlwaysRefresh":false,"showFog":true,"showSkybox":false,"showFlares":true,"showImageEffects":true,"showParticleSystems":true,"showVisualEffectGraphs":true,"m_FxEnabled":false},"in2DMode":false,"pivot":{"x":30.435680389404298,"y":-18.343313217163087,"z":-0.03553199768066406},"rotation":{"x":0.21429923176765443,"y":-0.7032600045204163,"z":0.23735401034355164,"w":0.634953498840332},"size":44.038578033447269,"orthographic":false}